[{"model": "admin.logentry", "pk": 10, "fields": {"action_time": "2023-10-04T13:05:34.117Z", "user": 4, "content_type": 7, "object_id": "1", "object_repr": "Post example", "action_flag": 1, "change_message": "[{\"added\": {}}]"}}, {"model": "admin.logentry", "pk": 11, "fields": {"action_time": "2023-10-04T15:22:11.209Z", "user": 4, "content_type": 7, "object_id": "1", "object_repr": "Post example", "action_flag": 2, "change_message": "[{\"changed\": {\"fields\": [\"Tags\"]}}]"}}, {"model": "admin.logentry", "pk": 12, "fields": {"action_time": "2023-10-04T20:52:00.171Z", "user": 4, "content_type": 7, "object_id": "2", "object_repr": "Title", "action_flag": 1, "change_message": "[{\"added\": {}}]"}}, {"model": "auth.permission", "pk": 1, "fields": {"name": "Can add log entry", "content_type": 1, "codename": "add_logentry"}}, {"model": "auth.permission", "pk": 2, "fields": {"name": "Can change log entry", "content_type": 1, "codename": "change_logentry"}}, {"model": "auth.permission", "pk": 3, "fields": {"name": "Can delete log entry", "content_type": 1, "codename": "delete_logentry"}}, {"model": "auth.permission", "pk": 4, "fields": {"name": "Can view log entry", "content_type": 1, "codename": "view_logentry"}}, {"model": "auth.permission", "pk": 5, "fields": {"name": "Can add permission", "content_type": 2, "codename": "add_permission"}}, {"model": "auth.permission", "pk": 6, "fields": {"name": "Can change permission", "content_type": 2, "codename": "change_permission"}}, {"model": "auth.permission", "pk": 7, "fields": {"name": "Can delete permission", "content_type": 2, "codename": "delete_permission"}}, {"model": "auth.permission", "pk": 8, "fields": {"name": "Can view permission", "content_type": 2, "codename": "view_permission"}}, {"model": "auth.permission", "pk": 9, "fields": {"name": "Can add group", "content_type": 3, "codename": "add_group"}}, {"model": "auth.permission", "pk": 10, "fields": {"name": "Can change group", "content_type": 3, "codename": "change_group"}}, {"model": "auth.permission", "pk": 11, "fields": {"name": "Can delete group", "content_type": 3, "codename": "delete_group"}}, {"model": "auth.permission", "pk": 12, "fields": {"name": "Can view group", "content_type": 3, "codename": "view_group"}}, {"model": "auth.permission", "pk": 13, "fields": {"name": "Can add user", "content_type": 4, "codename": "add_user"}}, {"model": "auth.permission", "pk": 14, "fields": {"name": "Can change user", "content_type": 4, "codename": "change_user"}}, {"model": "auth.permission", "pk": 15, "fields": {"name": "Can delete user", "content_type": 4, "codename": "delete_user"}}, {"model": "auth.permission", "pk": 16, "fields": {"name": "Can view user", "content_type": 4, "codename": "view_user"}}, {"model": "auth.permission", "pk": 17, "fields": {"name": "Can add content type", "content_type": 5, "codename": "add_contenttype"}}, {"model": "auth.permission", "pk": 18, "fields": {"name": "Can change content type", "content_type": 5, "codename": "change_contenttype"}}, {"model": "auth.permission", "pk": 19, "fields": {"name": "Can delete content type", "content_type": 5, "codename": "delete_contenttype"}}, {"model": "auth.permission", "pk": 20, "fields": {"name": "Can view content type", "content_type": 5, "codename": "view_contenttype"}}, {"model": "auth.permission", "pk": 21, "fields": {"name": "Can add session", "content_type": 6, "codename": "add_session"}}, {"model": "auth.permission", "pk": 22, "fields": {"name": "Can change session", "content_type": 6, "codename": "change_session"}}, {"model": "auth.permission", "pk": 23, "fields": {"name": "Can delete session", "content_type": 6, "codename": "delete_session"}}, {"model": "auth.permission", "pk": 24, "fields": {"name": "Can view session", "content_type": 6, "codename": "view_session"}}, {"model": "auth.permission", "pk": 25, "fields": {"name": "Can add post", "content_type": 7, "codename": "add_post"}}, {"model": "auth.permission", "pk": 26, "fields": {"name": "Can change post", "content_type": 7, "codename": "change_post"}}, {"model": "auth.permission", "pk": 27, "fields": {"name": "Can delete post", "content_type": 7, "codename": "delete_post"}}, {"model": "auth.permission", "pk": 28, "fields": {"name": "Can view post", "content_type": 7, "codename": "view_post"}}, {"model": "auth.permission", "pk": 29, "fields": {"name": "Can add comment", "content_type": 8, "codename": "add_comment"}}, {"model": "auth.permission", "pk": 30, "fields": {"name": "Can change comment", "content_type": 8, "codename": "change_comment"}}, {"model": "auth.permission", "pk": 31, "fields": {"name": "Can delete comment", "content_type": 8, "codename": "delete_comment"}}, {"model": "auth.permission", "pk": 32, "fields": {"name": "Can view comment", "content_type": 8, "codename": "view_comment"}}, {"model": "auth.permission", "pk": 33, "fields": {"name": "Can add profile", "content_type": 9, "codename": "add_profile"}}, {"model": "auth.permission", "pk": 34, "fields": {"name": "Can change profile", "content_type": 9, "codename": "change_profile"}}, {"model": "auth.permission", "pk": 35, "fields": {"name": "Can delete profile", "content_type": 9, "codename": "delete_profile"}}, {"model": "auth.permission", "pk": 36, "fields": {"name": "Can view profile", "content_type": 9, "codename": "view_profile"}}, {"model": "auth.permission", "pk": 37, "fields": {"name": "Can add tag", "content_type": 10, "codename": "add_tag"}}, {"model": "auth.permission", "pk": 38, "fields": {"name": "Can change tag", "content_type": 10, "codename": "change_tag"}}, {"model": "auth.permission", "pk": 39, "fields": {"name": "Can delete tag", "content_type": 10, "codename": "delete_tag"}}, {"model": "auth.permission", "pk": 40, "fields": {"name": "Can view tag", "content_type": 10, "codename": "view_tag"}}, {"model": "auth.permission", "pk": 41, "fields": {"name": "Can add tagged item", "content_type": 11, "codename": "add_taggeditem"}}, {"model": "auth.permission", "pk": 42, "fields": {"name": "Can change tagged item", "content_type": 11, "codename": "change_taggeditem"}}, {"model": "auth.permission", "pk": 43, "fields": {"name": "Can delete tagged item", "content_type": 11, "codename": "delete_taggeditem"}}, {"model": "auth.permission", "pk": 44, "fields": {"name": "Can view tagged item", "content_type": 11, "codename": "view_taggeditem"}}, {"model": "auth.user", "pk": 4, "fields": {"password": "pbkdf2_sha256$600000$R5aIH9D14s4NZ1geM9GYOJ$//PgyjcjURLEMZDhKgBveYiuKI0+xyZaZ5QiU+SDdmM=", "last_login": "2023-10-05T16:00:25.489Z", "is_superuser": true, "username": "admin", "first_name": "", "last_name": "", "email": "admin@admin.com", "is_staff": true, "is_active": true, "date_joined": "2023-10-04T10:02:55.686Z", "groups": [], "user_permissions": []}}, {"model": "auth.user", "pk": 6, "fields": {"password": "pbkdf2_sha256$600000$veGmoeN3EjhgbEDUky6ZUq$3Lg5e9D6WdRGn3tsk7n/U9TBebbf6SyspaYJXXp+/Ps=", "last_login": "2023-10-06T16:02:08.780Z", "is_superuser": false, "username": "PythonEnjoyer", "first_name": "", "last_name": "", "email": "PythonEnjoyer@user.com", "is_staff": false, "is_active": true, "date_joined": "2023-10-06T16:02:02.213Z", "groups": [], "user_permissions": []}}, {"model": "auth.user", "pk": 7, "fields": {"password": "pbkdf2_sha256$600000$seGmjCAbylUDB9pg5iTHAM$pPTtgUiFpiMjr919dnheCPpZpIKIPdfO2JCxmd4Lao0=", "last_login": "2023-10-06T22:10:09.765Z", "is_superuser": false, "username": "test_user", "first_name": "test_firstname", "last_name": "test_lastname", "email": "test@test.com", "is_staff": false, "is_active": true, "date_joined": "2023-10-06T22:09:11.211Z", "groups": [], "user_permissions": []}}, {"model": "contenttypes.contenttype", "pk": 1, "fields": {"app_label": "admin", "model": "logentry"}}, {"model": "contenttypes.contenttype", "pk": 2, "fields": {"app_label": "auth", "model": "permission"}}, {"model": "contenttypes.contenttype", "pk": 3, "fields": {"app_label": "auth", "model": "group"}}, {"model": "contenttypes.contenttype", "pk": 4, "fields": {"app_label": "auth", "model": "user"}}, {"model": "contenttypes.contenttype", "pk": 5, "fields": {"app_label": "contenttypes", "model": "contenttype"}}, {"model": "contenttypes.contenttype", "pk": 6, "fields": {"app_label": "sessions", "model": "session"}}, {"model": "contenttypes.contenttype", "pk": 7, "fields": {"app_label": "core", "model": "post"}}, {"model": "contenttypes.contenttype", "pk": 8, "fields": {"app_label": "core", "model": "comment"}}, {"model": "contenttypes.contenttype", "pk": 9, "fields": {"app_label": "core", "model": "profile"}}, {"model": "contenttypes.contenttype", "pk": 10, "fields": {"app_label": "taggit", "model": "tag"}}, {"model": "contenttypes.contenttype", "pk": 11, "fields": {"app_label": "taggit", "model": "taggeditem"}}, {"model": "sessions.session", "pk": "3a5pr1wtnjtclm2wsw8sgl4lr49qn248", "fields": {"session_data": ".eJxVjDsOwyAQBe9CHSFY8BpSpvcZLNiF4CQCyZ8qyt1jSy6S9s3Me4sxbGsZtyXN48TiKqy4_G4x0DPVA_Aj1HuT1Oo6T1EeijzpIofG6XU73b-DEpay19B1EXyO6DxoZfrsHBIbjJCt4awJAaxXBIC9RlR2lxT1KmnfeSYnPl-0DTZW:1qoQdU:hyAVDhx0VMUw7BDPDE31z58xFX29pAtYfX0i55V-248", "expire_date": "2023-10-19T15:51:36.577Z"}}, {"model": "sessions.session", "pk": "5xtmdx2q4ix7xkjhhgror5bsuekrqr46", "fields": {"session_data": ".eJxVjDsOwyAQBe9CHSFY8BpSpvcZLNiF4CQCyZ8qyt1jSy6S9s3Me4sxbGsZtyXN48TiKqy4_G4x0DPVA_Aj1HuT1Oo6T1EeijzpIofG6XU73b-DEpay19B1EXyO6DxoZfrsHBIbjJCt4awJAaxXBIC9RlR2lxT1KmnfeSYnPl-0DTZW:1qo3Nm:GvqbstprEPr93bhEIyXxFDNTY5DiaeEKFKPrqw5H324", "expire_date": "2023-10-18T15:01:50.004Z"}}, {"model": "sessions.session", "pk": "72i0sqsqhftupkw4qknf321irhpayae8", "fields": {"session_data": ".eJxVjDsOwyAQBe9CHSFY8BpSpvcZLNiF4CQCyZ8qyt1jSy6S9s3Me4sxbGsZtyXN48TiKqy4_G4x0DPVA_Aj1HuT1Oo6T1EeijzpIofG6XU73b-DEpay19B1EXyO6DxoZfrsHBIbjJCt4awJAaxXBIC9RlR2lxT1KmnfeSYnPl-0DTZW:1qnyj1:UBX2liwiZn9lpihMS3jBLKo9fnN-87rZpWHXrVSlXOk", "expire_date": "2023-10-18T10:03:27.822Z"}}, {"model": "sessions.session", "pk": "espksn5olhxk8yx3knnvwo3ontfhxqa2", "fields": {"session_data": ".eJxVjEEOwiAURO_C2hAQ_IBL9z0D-fBBqgaS0q6Md5cmXehyZt6bN_O4rcVvPS1-JnZlhp1-u4Dxmeo-0APrvfHY6rrMge8IP9bOp0bpdTvYv4OCvQwbZHAZVcqWwlk4aQi001Ei6aQuGAGS1EqMjM4qE4AQbBDDQaQImX2-9gY4wQ:1qot1N:br_b02MEvkJ1TwGiXLHWiJXzmjhpl2PodxpebqIHAyg", "expire_date": "2023-10-20T22:10:09.816Z"}}, {"model": "sessions.session", "pk": "rtz6j8y1tkvfnjl9tnz4yzk2m8h1zsyq", "fields": {"session_data": ".eJxVjDsOwyAQBe9CHSFY8BpSpvcZLNiF4CQCyZ8qyt1jSy6S9s3Me4sxbGsZtyXN48TiKqy4_G4x0DPVA_Aj1HuT1Oo6T1EeijzpIofG6XU73b-DEpay19B1EXyO6DxoZfrsHBIbjJCt4awJAaxXBIC9RlR2lxT1KmnfeSYnPl-0DTZW:1qoICN:10D8Tym2KdIgLgrI9QNrJHO1JqZm_7NoBHBLBASCi6Y", "expire_date": "2023-10-19T06:51:03.713Z"}}, {"model": "core.profile", "pk": 1, "fields": {"user": 4, "bio": null, "profile_pic": ""}}, {"model": "core.profile", "pk": 2, "fields": {"user": 5, "bio": null, "profile_pic": ""}}, {"model": "core.profile", "pk": 3, "fields": {"user": 6, "bio": "New bio", "profile_pic": "images/profile/1682642451802_3Kd64LS.png"}}, {"model": "core.profile", "pk": 4, "fields": {"user": 7, "bio": "Professional Oops-Maker!", "profile_pic": ""}}, {"model": "core.post", "pk": 4, "fields": {"title": "The Power of Python", "slug": "the-power-of-python", "author": 1, "image": "featured_image/2023/10/06/зображення_2023-10-06_163509125.png", "content": "<p>Python is a programming language that has taken the world by storm with its simplicity and versatility. In this article, we&#39;ll explore the beauty of Python&#39;s minimalistic design and how it empowers developers to create amazing software.</p>\r\n\r\n<p>Python is often referred to as a &quot;batteries-included&quot; language, meaning that it comes with a rich standard library that provides modules and functions for various tasks. This philosophy reduces the need for developers to reinvent the wheel, as many common tasks are already built into the language.</p>\r\n\r\n<p>One of Python&#39;s key strengths is its readability. The language was designed with a clean and straightforward syntax that emphasizes human readability over machine readability. This minimalistic approach means that Python code is often easier to understand and maintain, even for those new to programming.</p>\r\n\r\n<p>Python&#39;s simplicity extends to its data structures. Lists, dictionaries, and sets are integral parts of Python, and they are easy to work with. You can create, manipulate, and iterate over these data structures with just a few lines of code. This minimalistic approach makes Python an excellent choice for data manipulation and analysis.</p>\r\n\r\n<p>Another aspect of Python&#39;s minimalistic charm is its dynamic typing. You don&#39;t need to specify variable types explicitly; Python infers them for you. This allows for more flexibility and quicker development since you can focus on solving problems rather than managing data types.</p>\r\n\r\n<p>Python&#39;s minimalistic philosophy also applies to its ecosystem. The Python Package Index (PyPI) is a vast repository of libraries and modules created by the Python community. This wealth of resources enables developers to tap into a wide range of functionalities without having to write everything from scratch.</p>\r\n\r\n<p>In conclusion, Python&#39;s minimalistic design is one of its most compelling features. Its simplicity, readability, and powerful standard library make it an ideal language for both beginners and experienced developers. Whether you&#39;re building web applications, data analysis tools, or automation scripts, Python&#39;s minimalistic elegance can help you get the job done efficiently.</p>", "publish": "2023-10-06T13:15:54.123Z", "created": "2023-10-06T13:15:54.180Z", "updated": "2023-10-06T16:14:50.047Z", "views": 16, "status": "published"}}, {"model": "core.post", "pk": 6, "fields": {"title": "Python's Minimalistic Zen: Guiding Principles for Developers", "slug": "pythons-minimalistic-zen-guiding-principles-for-developers", "author": 1, "image": "featured_image/2023/10/06/зображення_2023-10-06_163642076.png", "content": "<p>Python, known for its simplicity and elegance, follows a set of guiding principles known as the Zen of Python. These principles embody the minimalistic philosophy that makes Python a favorite among developers. In this article, we&#39;ll explore some of these guiding principles and how they shape Python&#39;s design.</p>\r\n\r\n<ol>\r\n\t<li>\r\n\t<p><strong>Readability Counts:</strong> One of the most prominent principles is &quot;Readability counts.&quot; Python code is designed to be easy to read and understand, emphasizing clarity and simplicity. This minimalistic approach ensures that code can be maintained, extended, and debugged with ease.</p>\r\n\t</li>\r\n\t<li>\r\n\t<p><strong>Simple is Better than Complex:</strong> Python encourages simplicity in code. When faced with choices, Python developers are guided to choose the simpler option. This approach results in more straightforward, efficient, and maintainable code.</p>\r\n\t</li>\r\n\t<li>\r\n\t<p><strong>Sparse is Better than Dense:</strong> Python code should be spaced out and not crammed with unnecessary complexity. This principle promotes a clean and visually appealing coding style, making it easier for developers to collaborate and review code.</p>\r\n\t</li>\r\n\t<li>\r\n\t<p><strong>The Zen of Python by Tim Peters:</strong> One of Python&#39;s guiding principles is so significant that it has its own place in the Python interpreter. You can access it by typing <code>import this</code> in a Python shell. This poem by Tim Peters highlights the core values of Python, including beauty, simplicity, and practicality.</p>\r\n\t</li>\r\n\t<li>\r\n\t<p><strong>Flat is Better than Nested:</strong> Python encourages a flat structure for code rather than deeply nested logic. This makes code more straightforward to follow, reducing cognitive load and making debugging and maintenance easier.</p>\r\n\t</li>\r\n\t<li>\r\n\t<p><strong>Special Cases Aren&#39;t Special Enough to Break the Rules:</strong> Python&#39;s minimalistic philosophy discourages overly complex or special-case code. It encourages developers to follow established conventions and patterns whenever possible.</p>\r\n\t</li>\r\n\t<li>\r\n\t<p><strong>In the Face of Ambiguity, Refuse the Temptation to Guess:</strong> Python is explicit in its approach, avoiding ambiguous behavior. This makes it easier to understand how code works and reduces unexpected outcomes.</p>\r\n\t</li>\r\n</ol>\r\n\r\n<p>These guiding principles, along with many others, shape Python&#39;s minimalistic design and foster a collaborative and productive coding environment. Python&#39;s commitment to simplicity and readability makes it an excellent choice for a wide range of applications, from web development to data science and beyond.</p>\r\n\r\n<p>In conclusion, Python&#39;s Zen, with its emphasis on minimalism and clarity, is a testament to the language&#39;s enduring popularity among developers. It serves as a constant reminder that simplicity and readability are key to writing elegant and maintainable code.</p>", "publish": "2023-10-06T13:36:57.159Z", "created": "2023-10-06T13:36:57.164Z", "updated": "2023-10-06T21:40:31.503Z", "views": 25, "status": "published"}}, {"model": "core.post", "pk": 7, "fields": {"title": "Python: The Language of Minimalistic Elegance", "slug": "python-the-language-of-minimalistic-elegance", "author": 1, "image": "featured_image/2023/10/06/зображення_2023-10-06_184410142.png", "content": "<p>Python&#39;s allure lies in its minimalistic elegance. It&#39;s a language that does more with less code. In this article, we&#39;ll delve deeper into Python&#39;s minimalistic nature and explore how it simplifies complex tasks.</p>\r\n\r\n<p>Python&#39;s minimalistic design starts with its syntax. With Python, you can express ideas in a clear and concise manner. The use of indentation to define code blocks eliminates the need for braces or semicolons, reducing clutter and enhancing readability. This minimalistic approach to syntax makes Python code easy to understand, even for those new to programming.</p>\r\n\r\n<p>Another facet of Python&#39;s minimalism is its dynamic typing. Unlike languages that require explicit type declarations, Python infers data types, making code shorter and more flexible. This allows you to focus on solving problems rather than managing data types, promoting a minimalist coding mindset.</p>\r\n\r\n<p>Python&#39;s standard library exemplifies its minimalistic philosophy. It includes a wide range of modules and functions that simplify common tasks. Whether you&#39;re working with files, databases, or networking, Python&#39;s standard library often provides a straightforward solution, reducing the need for external dependencies.</p>\r\n\r\n<p>One of Python&#39;s core principles is &quot;There should be one&mdash;and preferably only one&mdash;obvious way to do it.&quot; This minimalistic approach minimizes confusion by presenting a clear and unambiguous path for developers. This philosophy extends to the language&#39;s design decisions, fostering consistency and reducing complexity.</p>\r\n\r\n<p>Python&#39;s ecosystem is another testament to its minimalistic charm. The Python Package Index (PyPI) hosts thousands of third-party libraries, enabling developers to leverage existing solutions rather than reinventing the wheel. This promotes code reusability and reduces development time, aligning with Python&#39;s minimalist ideals.</p>\r\n\r\n<p>In conclusion, Python&#39;s minimalistic elegance is a hallmark of the language. Its clean syntax, dynamic typing, rich standard library, and adherence to simplicity make it a favorite among developers. Whether you&#39;re building web applications, automating tasks, or diving into data science, Python&#39;s minimalism empowers you to achieve more with less.</p>", "publish": "2023-10-06T15:44:53.672Z", "created": "2023-10-06T15:44:53.824Z", "updated": "2023-10-06T21:27:57.566Z", "views": 1, "status": "published"}}, {"model": "core.post", "pk": 8, "fields": {"title": "Python's Minimalistic Approach to Problem Solving", "slug": "pythons-minimalistic-approach-to-problem-solving", "author": 1, "image": "featured_image/2023/10/06/зображення_2023-10-06_190013081.png", "content": "<p>Python, often praised for its minimalistic design, is a powerful tool for problem solving. In this article, we&#39;ll explore how Python&#39;s minimalistic philosophy simplifies the process of tackling complex challenges.</p>\r\n\r\n<p>One of Python&#39;s standout features is its emphasis on &quot;code readability.&quot; Python code is designed to be human-friendly, with a straightforward and intuitive syntax. This minimalistic approach ensures that code can be easily understood and maintained, even by those who are not seasoned programmers. Whether you&#39;re a beginner or an experienced developer, Python&#39;s minimalism facilitates the communication of ideas through code.</p>\r\n\r\n<p>Python&#39;s minimalistic nature extends to its philosophy of &quot;simplicity over complexity.&quot; When faced with design choices, Python developers are encouraged to choose the simpler option. This reduces the likelihood of introducing unnecessary complexity into solutions, making Python code more manageable in the long run.</p>\r\n\r\n<p>Dynamic typing is another minimalistic aspect of Python. Unlike languages that require explicit type declarations, Python determines variable types dynamically. This reduces the need for verbose type annotations and simplifies the coding process. You can focus on solving problems without getting bogged down in type-related intricacies.</p>\r\n\r\n<p>Python&#39;s standard library is a treasure trove of pre-built modules and functions, showcasing the language&#39;s minimalist approach to problem solving. From handling regular expressions to processing XML data, Python&#39;s standard library covers a wide range of tasks, sparing developers from reinventing the wheel. This minimalistic resourcefulness accelerates development by providing readily available solutions.</p>\r\n\r\n<p>In Python, the mantra is &quot;There should be one&mdash;and preferably only one&mdash;obvious way to do it.&quot; This minimalistic principle ensures consistency and clarity in Python&#39;s design choices. It reduces ambiguity and confusion, allowing developers to make decisions confidently.</p>\r\n\r\n<p>In conclusion, Python&#39;s minimalistic philosophy is a driving force behind its effectiveness as a problem-solving tool. Whether you&#39;re crafting software applications, automating workflows, or conducting data analysis, Python&#39;s minimalism empowers you to tackle complex challenges with simplicity and elegance.</p>", "publish": "2023-10-06T15:45:34.532Z", "created": "2023-10-06T15:45:34.536Z", "updated": "2023-10-06T21:40:10.220Z", "views": 43, "status": "published"}}, {"model": "core.post", "pk": 9, "fields": {"title": "Python: A Versatile Programming Language for the Modern World", "slug": "python-a-versatile-programming-language-for-the-modern-world", "author": 3, "image": "featured_image/2023/10/07/зображення_2023-10-07_005719441.png", "content": "<p>Python has emerged as a versatile and powerful programming language that is revolutionizing the tech industry. In this article, we will explore the various facets of Python&#39;s versatility and its relevance in today&#39;s digital landscape.</p>\r\n\r\n<p>Python&#39;s versatility is evident in its application across a wide range of domains. From web development to data science, artificial intelligence to scripting and automation, Python finds its place in numerous fields. Its ability to adapt and excel in various contexts makes it a go-to choice for developers.</p>\r\n\r\n<p>One of Python&#39;s standout features is its extensive standard library. Python&#39;s &quot;batteries-included&quot; philosophy provides a rich set of modules and packages, allowing developers to accomplish complex tasks with ease. Whether you need to manipulate data, work with files, or create web applications, Python&#39;s standard library often has a ready-made solution.</p>\r\n\r\n<p>Python&#39;s popularity in the field of data science and machine learning cannot be overstated. Libraries like NumPy, pandas, and scikit-learn have made Python a preferred choice for data analysis and modeling. Its simplicity and readability make it accessible to data scientists, statisticians, and engineers, enabling them to derive valuable insights from data.</p>\r\n\r\n<p>The growth of Python in web development is also remarkable. Frameworks like Django and Flask have simplified the process of building web applications, fostering rapid development and scalability. Python&#39;s clean and elegant syntax, combined with these frameworks, offers a robust platform for creating web solutions.</p>\r\n\r\n<p>Python&#39;s role in the realm of artificial intelligence and machine learning is undeniable. With libraries like TensorFlow and PyTorch, developers can build sophisticated machine learning models and neural networks. This versatility has made Python the language of choice for AI researchers and practitioners.</p>\r\n\r\n<p>Additionally, Python has gained traction in the field of automation and scripting. Its ease of use, cross-platform compatibility, and extensive third-party libraries make it a natural fit for tasks like automating repetitive processes, managing system resources, and controlling hardware devices.</p>\r\n\r\n<p>In conclusion, Python&#39;s versatility is a driving force behind its popularity in today&#39;s tech landscape. Its wide range of applications, extensive standard library, and strong community support make it an invaluable tool for developers across diverse domains. Python is not just a programming language; it&#39;s a solution to modern challenges.</p>", "publish": "2023-10-06T21:58:05.926Z", "created": "2023-10-06T21:58:06.044Z", "updated": "2023-10-06T21:58:06.044Z", "views": 0, "status": "published"}}, {"model": "taggit.tag", "pk": 1, "fields": {"name": "admin-panel", "slug": "admin-panel"}}, {"model": "taggit.tag", "pk": 2, "fields": {"name": "blog", "slug": "blog"}}, {"model": "taggit.tag", "pk": 3, "fields": {"name": "python", "slug": "python"}}, {"model": "taggit.tag", "pk": 4, "fields": {"name": "features", "slug": "features"}}, {"model": "taggit.tag", "pk": 5, "fields": {"name": "programming", "slug": "programming"}}, {"model": "taggit.tag", "pk": 6, "fields": {"name": "zen", "slug": "zen"}}, {"model": "taggit.tag", "pk": 7, "fields": {"name": "learn", "slug": "learn"}}, {"model": "taggit.tag", "pk": 8, "fields": {"name": "advantage", "slug": "advantage"}}, {"model": "taggit.tag", "pk": 9, "fields": {"name": "language", "slug": "language"}}, {"model": "taggit.tag", "pk": 10, "fields": {"name": "solving", "slug": "solving"}}, {"model": "taggit.tag", "pk": 11, "fields": {"name": "future", "slug": "future"}}, {"model": "taggit.tag", "pk": 12, "fields": {"name": "feature", "slug": "feature"}}, {"model": "taggit.tag", "pk": 13, "fields": {"name": "libraries", "slug": "libraries"}}, {"model": "taggit.taggeditem", "pk": 10, "fields": {"tag": 3, "content_type": 7, "object_id": 4}}, {"model": "taggit.taggeditem", "pk": 11, "fields": {"tag": 4, "content_type": 7, "object_id": 4}}, {"model": "taggit.taggeditem", "pk": 12, "fields": {"tag": 5, "content_type": 7, "object_id": 4}}, {"model": "taggit.taggeditem", "pk": 13, "fields": {"tag": 3, "content_type": 7, "object_id": 5}}, {"model": "taggit.taggeditem", "pk": 14, "fields": {"tag": 4, "content_type": 7, "object_id": 5}}, {"model": "taggit.taggeditem", "pk": 15, "fields": {"tag": 5, "content_type": 7, "object_id": 5}}, {"model": "taggit.taggeditem", "pk": 16, "fields": {"tag": 3, "content_type": 7, "object_id": 6}}, {"model": "taggit.taggeditem", "pk": 17, "fields": {"tag": 6, "content_type": 7, "object_id": 6}}, {"model": "taggit.taggeditem", "pk": 18, "fields": {"tag": 7, "content_type": 7, "object_id": 6}}, {"model": "taggit.taggeditem", "pk": 19, "fields": {"tag": 8, "content_type": 7, "object_id": 7}}, {"model": "taggit.taggeditem", "pk": 20, "fields": {"tag": 9, "content_type": 7, "object_id": 7}}, {"model": "taggit.taggeditem", "pk": 21, "fields": {"tag": 3, "content_type": 7, "object_id": 7}}, {"model": "taggit.taggeditem", "pk": 22, "fields": {"tag": 3, "content_type": 7, "object_id": 8}}, {"model": "taggit.taggeditem", "pk": 23, "fields": {"tag": 10, "content_type": 7, "object_id": 8}}, {"model": "taggit.taggeditem", "pk": 24, "fields": {"tag": 3, "content_type": 7, "object_id": 9}}, {"model": "taggit.taggeditem", "pk": 25, "fields": {"tag": 11, "content_type": 7, "object_id": 9}}, {"model": "taggit.taggeditem", "pk": 26, "fields": {"tag": 12, "content_type": 7, "object_id": 9}}, {"model": "taggit.taggeditem", "pk": 27, "fields": {"tag": 13, "content_type": 7, "object_id": 9}}]